ORIGIN_AIRPORT_ID,ORIGIN_CITY_NAME,ORIGIN_STATE_ABR,latitude,longitude,timezone
12478,"New York, NY",NY,40.71427,-74.00597,America/New_York
12892,"Los Angeles, CA",CA,34.05223,-118.24368,America/Los_Angeles
13485,"Madison, WI",WI,43.07305,-89.40123,America/Chicago
14100,"Philadelphia, PA",PA,39.95238,-75.16362,America/New_York
13930,"Chicago, IL",IL,41.85003,-87.65005,America/Chicago
11109,"Colorado Springs, CO",CO,38.83388,-104.82136,America/Denver
11298,"Dallas/Fort Worth, TX",TX,32.89595,-97.0372,America/Chicago
11057,"Charlotte, NC",NC,35.22709,-80.84313,America/New_York
12953,"New York, NY",NY,40.71427,-74.00597,America/New_York
11503,"Eagle, CO",CO,39.65526,-106.82865,America/Denver
13303,"Miami, FL",FL,25.77427,-80.19366,America/New_York
14107,"Phoenix, AZ",AZ,33.44838,-112.07404,America/Phoenix
12173,"Honolulu, HI",HI,21.30694,-157.85834,Pacific/Honolulu
11433,"Detroit, MI",MI,42.33143,-83.04575,America/Detroit
15376,"Tucson, AZ",AZ,32.22174,-110.92648,America/Phoenix
10279,"Amarillo, TX",TX,35.222,-101.8313,America/Chicago
11618,"Newark, NJ",NJ,40.73566,-74.17237,America/New_York
14524,"Richmond, VA",VA,37.55376,-77.46026,America/New_York
12896,"Lubbock, TX",TX,33.57786,-101.85517,America/Chicago
13871,"Omaha, NE",NE,41.25626,-95.94043,America/Chicago
10397,"Atlanta, GA",GA,33.749,-84.38798,America/New_York
10721,"Boston, MA",MA,42.35843,-71.05977,America/New_York
14576,"Rochester, NY",NY,43.15478,-77.61556,America/New_York
10423,"Austin, TX",TX,30.26715,-97.74306,America/Chicago
12451,"Jacksonville, FL",FL,30.33218,-81.65565,America/New_York
10693,"Nashville, TN",TN,36.16589,-86.78444,America/Chicago
11292,"Denver, CO",CO,39.73915,-104.9847,America/Denver
13851,"Oklahoma City, OK",OK,35.46756,-97.51643,America/Chicago
10561,"Bakersfield, CA",CA,35.37329,-119.01871,America/Los_Angeles
11278,"Washington, DC",VA,38.71345,-78.15944,America/New_York
11540,"El Paso, TX",TX,31.75872,-106.48693,America/Denver
14635,"Fort Myers, FL",FL,26.62168,-81.84059,America/New_York
10713,"Boise, ID",ID,43.6135,-116.20345,America/Boise
14771,"San Francisco, CA",CA,37.77493,-122.41942,America/Los_Angeles
13830,"Kahului, HI",HI,20.88933,-156.47293,Pacific/Honolulu
13198,"Kansas City, MO",MO,39.09973,-94.57857,America/Chicago
11042,"Cleveland, OH",OH,41.4995,-81.69541,America/New_York
13204,"Orlando, FL",FL,28.53834,-81.37924,America/New_York
13495,"New Orleans, LA",LA,29.95465,-90.07507,America/Chicago
11481,"Panama City, FL",FL,30.15946,-85.65983,America/Chicago
10821,"Baltimore, MD",MD,39.29038,-76.61219,America/New_York
12889,"Las Vegas, NV",NV,36.17497,-115.13722,America/Los_Angeles
15304,"Tampa, FL",FL,27.94752,-82.45843,America/New_York
11638,"Fresno, CA",CA,36.74773,-119.77237,America/Los_Angeles
10792,"Buffalo, NY",NY,42.88645,-78.87837,America/New_York
10800,"Burbank, CA",CA,34.18084,-118.30897,America/Los_Angeles
10140,"Albuquerque, NM",NM,35.08449,-106.65114,America/Denver
14869,"Salt Lake City, UT",UT,40.76078,-111.89105,America/Denver
11624,"Key West, FL",FL,24.55524,-81.78163,America/New_York
10299,"Anchorage, AK",AK,61.21806,-149.90028,America/Anchorage
14057,"Portland, OR",OR,45.52345,-122.67621,America/Los_Angeles
14307,"Providence, RI",RI,41.82399,-71.41283,America/New_York
14683,"San Antonio, TX",TX,29.42412,-98.49363,America/Chicago
10994,"Charleston, SC",SC,32.77632,-79.93275,America/New_York
13891,"Ontario, CA",CA,34.06334,-117.65089,America/Los_Angeles
14679,"San Diego, CA",CA,32.71571,-117.16472,America/Los_Angeles
14685,"Savannah, GA",GA,32.08354,-81.09983,America/New_York
14893,"Sacramento, CA",CA,38.58157,-121.4944,America/Los_Angeles
15016,"St. Louis, MO",MO,38.62727,-90.19789,America/Chicago
15027,"Christiansted, VI",VI,17.74681,-64.70557,America/St_Thomas
14843,"San Juan, PR",PR,18.46633,-66.10572,America/Puerto_Rico
11697,"Fort Lauderdale, FL",FL,26.12231,-80.14338,America/New_York
13244,"Memphis, TN",TN,35.14953,-90.04898,America/Chicago
12266,"Houston, TX",TX,29.76328,-95.36327,America/Chicago
15096,"Syracuse, NY",NY,43.04812,-76.14742,America/New_York
14570,"Reno, NV",NV,39.52963,-119.8138,America/Los_Angeles
10529,"Hartford, CT",CT,41.76371,-72.68509,America/New_York
14908,"Santa Ana, CA",CA,33.74557,-117.86783,America/Los_Angeles
12441,"Jackson, WY",WY,32.29876,-90.18481,America/Chicago
13487,"Minneapolis, MN",MN,44.97997,-93.26384,America/Chicago
14730,"Louisville, KY",KY,38.25424,-85.75941,America/Kentucky/Louisville
12339,"Indianapolis, IN",IN,39.76838,-86.15804,America/Indiana/Indianapolis
15370,"Tulsa, OK",OK,36.15398,-95.99277,America/Chicago
14747,"Seattle, WA",WA,47.60621,-122.33207,America/Los_Angeles
14193,"Pensacola, FL",FL,30.42131,-87.21691,America/Chicago
11066,"Columbus, OH",OH,39.96118,-82.99879,America/New_York
10868,"Columbia, SC",SC,34.00071,-81.03481,America/New_York
11603,"Eugene, OR",OR,44.05207,-123.08675,America/Los_Angeles
11986,"Grand Rapids, MI",MI,42.96336,-85.66809,America/Detroit
15412,"Knoxville, TN",TN,35.96064,-83.92074,America/New_York
11193,"Cincinnati, OH",KY,39.12711,-84.51439,America/New_York
11423,"Des Moines, IA",IA,41.60054,-93.60911,America/Chicago
13342,"Milwaukee, WI",WI,43.0389,-87.90647,America/Chicago
10257,"Albany, NY",NY,42.65258,-73.75623,America/New_York
12264,"Washington, DC",VA,38.71345,-78.15944,America/New_York
14122,"Pittsburgh, PA",PA,40.44062,-79.99589,America/New_York
14262,"Palm Springs, CA",CA,33.8303,-116.54529,America/Los_Angeles
13230,"Harrisburg, PA",PA,40.2737,-76.88442,America/New_York
14831,"San Jose, CA",CA,37.33939,-121.89496,America/Los_Angeles
15024,"Charlotte Amalie, VI",VI,18.3419,-64.9307,America/St_Thomas
10849,"Bozeman, MT",MT,45.67965,-111.03856,America/Denver
10599,"Birmingham, AL",AL,33.52066,-86.80249,America/Chicago
13476,"Monterey, CA",CA,36.60024,-121.89468,America/Los_Angeles
13931,"Norfolk, VA",VA,36.84681,-76.28522,America/New_York
14698,"San Luis Obispo, CA",CA,35.28275,-120.65962,America/Los_Angeles
15624,"Valparaiso, FL",FL,30.51686,-86.48217,America/Chicago
15919,"Fayetteville, AR",AR,36.06258,-94.15743,America/Chicago
11884,"Spokane, WA",WA,47.65966,-117.42908,America/Los_Angeles
11996,"Greer, SC",SC,34.93873,-82.22706,America/New_York
12012,"Gunnison, CO",CO,38.54582,-106.92532,America/Denver
12094,"Hayden, CO",CO,40.49529,-107.25729,America/Denver
12982,"Lihue, HI",HI,21.98121,-159.3721,Pacific/Honolulu
11775,"Sioux Falls, SD",SD,43.54369,-96.72796,America/Chicago
14689,"Santa Barbara, CA",CA,34.42083,-119.69819,America/Los_Angeles
12323,"Wilmington, NC",NC,34.23556,-77.94604,America/New_York
13486,"Missoula, MT",MT,46.87215,-113.994,America/Denver
14321,"Portland, ME",ME,43.65737,-70.2589,America/New_York
12992,"Little Rock, AR",AR,34.74648,-92.28959,America/Chicago
12758,"Kona, HI",HI,39.84198,127.63206,Asia/Pyongyang
11630,"Fairbanks, AK",AK,64.83778,-147.71638,America/Anchorage
13796,"Oakland, CA",CA,37.80437,-122.2708,America/Los_Angeles
12523,"Juneau, AK",AK,58.30194,-134.41972,America/Juneau
10165,"Adak Island, AK",AK,51.78444,-176.64027,America/Adak
14004,"Everett, WA",WA,47.97898,-122.20208,America/Los_Angeles
11259,"Dallas, TX",TX,32.78306,-96.80667,America/Chicago
12819,"Ketchikan, AK",AK,55.3418,-131.64757,America/Sitka
14828,"Sitka, AK",AK,57.05315,-135.33089,America/Sitka
12197,"White Plains, NY",NY,41.03399,-73.76291,America/New_York
14254,"Ponce, PR",PR,23.03811,-82.37703,America/Havana
10732,"Aguadilla, PR",PR,18.42745,-67.15407,America/Puerto_Rico
13933,"Worcester, MA",MA,42.26259,-71.80229,America/New_York
12391,"Islip, NY",NY,40.72982,-73.21039,America/New_York
12191,"Houston, TX",TX,29.76328,-95.36327,America/Chicago
13232,"Chicago, IL",IL,41.85003,-87.65005,America/Chicago
13577,"Myrtle Beach, SC",SC,33.68906,-78.88669,America/New_York
12954,"Long Beach, CA",CA,33.76696,-118.18923,America/Los_Angeles
11953,"Gainesville, FL",FL,29.65163,-82.32483,America/New_York
10620,"Billings, MT",MT,45.78329,-108.50069,America/Denver
10785,"Burlington, VT",VT,44.47588,-73.21207,America/New_York
13360,"Melbourne, FL",FL,28.08363,-80.60811,America/New_York
15249,"Tallahassee, FL",FL,30.43826,-84.28073,America/New_York
11252,"Daytona Beach, FL",FL,29.21081,-81.02283,America/New_York
11648,"Kalispell, MT",MT,48.19579,-114.31291,America/Denver
12278,"Wichita, KS",KS,37.69224,-97.33754,America/Chicago
15380,"Traverse City, MI",MI,44.76306,-85.62063,America/Detroit
12280,"Idaho Falls, ID",ID,43.46658,-112.03414,America/Boise
11637,"Fargo, ND",ND,46.87719,-96.7898,America/Chicago
11977,"Green Bay, WI",WI,44.51916,-88.01983,America/Chicago
14574,"Roanoke, VA",VA,37.27097,-79.94143,America/New_York
12217,"Huntsville, AL",AL,34.7304,-86.58594,America/Chicago
15356,"Trenton, NJ",NJ,40.21705,-74.74294,America/New_York
14112,"St. Petersburg, FL",FL,27.77086,-82.67927,America/New_York
10431,"Asheville, NC",NC,35.60095,-82.55402,America/New_York
12544,"Concord, NC",NC,35.40888,-80.58158,America/New_York
14025,"Plattsburgh, NY",NY,44.69949,-73.45291,America/New_York
14108,"Peoria, IL",IL,40.69365,-89.58899,America/Chicago
14082,"Punta Gorda, FL",FL,26.92978,-82.04537,America/New_York
10581,"Bangor, ME",ME,44.79884,-68.77265,America/New_York
14761,"Sanford, FL",FL,28.80055,-81.27312,America/New_York
14696,"South Bend, IN",IN,41.68338,-86.25001,America/Indiana/Indianapolis
12917,"Columbus, OH",OH,39.96118,-82.99879,America/New_York
10408,"Appleton, WI",WI,44.26193,-88.41538,America/Chicago
14314,"Provo, UT",UT,40.23384,-111.65853,America/Denver
10466,"Phoenix, AZ",AZ,33.44838,-112.07404,America/Phoenix
14716,"Stockton, CA",CA,37.9577,-121.29078,America/Los_Angeles
12945,"Lexington, KY",KY,37.98869,-84.47772,America/New_York
14783,"Springfield, MO",MO,37.21533,-93.29824,America/Chicago
10666,"Bellingham, WA",WA,48.75955,-122.48822,America/Los_Angeles
15295,"Toledo, OH",OH,41.66394,-83.55521,America/New_York
11823,"Fort Wayne, IN",IN,41.1306,-85.12886,America/Indiana/Indianapolis
11537,"Elmira/Corning, NY",NY,42.1598,-76.89107,America/New_York
14512,"Rockford, IL",IL,42.27113,-89.094,America/Chicago
10676,"Belleville, IL",IL,38.52005,-89.98399,America/Chicago
11721,"Flint, MI",MI,43.01253,-83.68746,America/Detroit
14814,"Shreveport, LA",LA,32.52515,-93.75018,America/Chicago
10874,"Akron, OH",OH,41.08144,-81.51901,America/New_York
13433,"Minot, ND",ND,48.23251,-101.29627,America/Chicago
14457,"Rapid City, SD",SD,44.08054,-103.23101,America/Denver
11980,"Grand Island, NE",NE,40.92501,-98.34201,America/Chicago
14952,"Springfield, IL",IL,39.80172,-89.64371,America/Chicago
12265,"Niagara Falls, NY",NY,43.0945,-79.05671,America/New_York
14259,"Portsmouth, NH",NH,43.07704,-70.75766,America/New_York
12402,"Hilo, HI",HI,19.72991,-155.09073,Pacific/Honolulu
11111,"Columbia, MO",MO,38.95171,-92.33407,America/Chicago
10781,"Baton Rouge, LA",LA,30.44332,-91.18747,America/Chicago
13061,"Laredo, TX",TX,27.50641,-99.50754,America/Chicago
13377,"Monroe, LA",LA,32.50931,-92.1193,America/Chicago
12124,"Hilton Head, SC",SC,32.21632,-80.75261,America/New_York
10136,"Abilene, TX",TX,32.44874,-99.73314,America/Chicago
11140,"Corpus Christi, TX",TX,27.80058,-97.39638,America/Chicago
11921,"Grand Junction, CO",CO,39.06387,-108.55065,America/Denver
13459,"Marquette, MI",MI,46.54354,-87.39542,America/Detroit
13422,"Mobile, AL",AL,30.69436,-88.04305,America/Chicago
11867,"Garden City, KS",KS,37.97169,-100.87266,America/Chicago
10747,"Brownsville, TX",TX,25.90175,-97.49748,America/Chicago
11612,"Evansville, IN",IN,37.97476,-87.55585,America/Chicago
13367,"Moline, IL",IL,41.5067,-90.51513,America/Chicago
11982,"Killeen, TX",TX,31.11712,-97.7278,America/Chicago
11778,"Fort Smith, AR",AR,35.38592,-94.39855,America/Chicago
14960,"Wichita Falls, TX",TX,33.91371,-98.49339,America/Chicago
12951,"Lafayette, LA",LA,30.22409,-92.01984,America/Chicago
15023,"Santa Rosa, CA",CA,38.44047,-122.71443,America/Los_Angeles
10980,"Chattanooga, TN",TN,35.04563,-85.30968,America/New_York
11267,"Dayton, OH",OH,39.75895,-84.19161,America/New_York
10158,"Atlantic City, NJ",NJ,39.36415,-74.42306,America/New_York
12898,"Latrobe, PA",PA,40.32118,-79.37948,America/New_York
10208,"Augusta, GA",GA,33.47097,-81.97484,America/New_York
13296,"Manchester, NH",NH,42.99564,-71.45479,America/New_York
11641,"Fayetteville, NC",NC,35.05266,-78.87836,America/New_York
14487,"Redding, CA",CA,40.58654,-122.39168,America/Los_Angeles
13264,"Medford, OR",OR,42.32652,-122.87559,America/Los_Angeles
10372,"Aspen, CO",CO,39.1911,-106.81754,America/Denver
13127,"Lewiston, ID",ID,46.41655,-117.01766,America/Los_Angeles
15389,"Twin Falls, ID",ID,42.56297,-114.46087,America/Boise
12003,"Great Falls, MT",MT,47.50024,-111.30081,America/Denver
13277,"Montgomery, AL",AL,32.36681,-86.29997,America/Chicago
14113,"Pocatello, ID",ID,42.8713,-112.44553,America/Boise
14633,"Rochester, MN",MN,44.02163,-92.4699,America/Chicago
10469,"Kalamazoo, MI",MI,42.29171,-85.58723,America/Detroit
12156,"Helena, MT",MT,46.59271,-112.03611,America/Denver
11337,"Duluth, MN",MN,46.78327,-92.10658,America/Chicago
12884,"Lansing, MI",MI,42.73253,-84.55553,America/Detroit
12129,"Hibbing, MN",MN,47.42715,-92.93769,America/Chicago
14794,"St. George, UT",UT,37.10415,-113.58412,America/Denver
10141,"Aberdeen, SD",SD,45.4647,-98.48648,America/Chicago
11587,"Escanaba, MI",MI,45.74525,-87.06458,America/Detroit
12343,"International Falls, MN",MN,48.60105,-93.41098,America/Chicago
11013,"Sault Ste. Marie, MI",MI,46.4953,-84.34532,America/Detroit
16869,"Williston, ND",ND,48.14697,-103.61797,America/Chicago
10333,"Alpena, MI",MI,45.06168,-83.43275,America/Detroit
14520,"Rhinelander, WI",WI,45.63662,-89.41208,America/Chicago
10739,"Brainerd, MN",MN,46.35802,-94.20083,America/Chicago
10631,"Bemidji, MN",MN,47.47356,-94.88028,America/Chicago
11525,"Elko, NV",NV,40.83242,-115.76312,America/Los_Angeles
10779,"Butte, MT",MT,46.00382,-112.53474,America/Denver
10918,"Cedar City, UT",UT,37.67748,-113.06189,America/Denver
14150,"Pellston, MI",MI,45.5528,-84.7854,America/Detroit
10990,"Charlottesville, VA",VA,38.02931,-78.47668,America/New_York
11122,"Casper, WY",WY,42.86663,-106.31308,America/Denver
11413,"Durango, CO",CO,37.27528,-107.88007,America/Denver
16218,"Yuma, AZ",AZ,32.72532,-114.6244,America/Phoenix
11695,"Flagstaff, AZ",AZ,35.19807,-111.65127,America/Phoenix
15074,"Stillwater, OK",OK,36.11561,-97.05837,America/Chicago
15401,"Texarkana, AR",AR,33.44179,-94.03769,America/Chicago
14842,"San Angelo, TX",TX,31.46377,-100.43704,America/Chicago
12915,"Lake Charles, LA",LA,30.21309,-93.2044,America/Chicago
12511,"Joplin, MO",MO,37.08423,-94.51328,America/Chicago
12888,"Laramie, WY",WY,41.31137,-105.5911,America/Denver
11288,"Decatur, IL",IL,39.84031,-88.9548,America/Chicago
11447,"Devils Lake, ND",ND,48.11278,-98.86512,America/Chicago
12519,"Jamestown, ND",ND,46.91054,-98.70844,America/Chicago
12559,"Johnstown, PA",PA,40.32674,-78.92197,America/New_York
12255,"Hays, KS",KS,38.87918,-99.32677,America/Chicago
12902,"Liberal, KS",KS,37.04308,-100.921,America/Chicago
11233,"Cheyenne, WY",WY,41.13998,-104.82025,America/Denver
11865,"Gillette, WY",WY,44.29109,-105.50222,America/Denver
11725,"Fort Dodge, IA",IA,42.49747,-94.16802,America/Chicago
14812,"Sheridan, WY",WY,44.79719,-106.95618,America/Denver
15569,"Victoria, TX",TX,28.80527,-97.0036,America/Chicago
11471,"Eau Claire, WI",WI,44.81135,-91.49849,America/Chicago
14543,"Rock Springs, WY",WY,41.58746,-109.2029,America/Denver
13241,"Meridian, MS",MS,32.36431,-88.70366,America/Chicago
14237,"Prescott, AZ",AZ,34.54002,-112.4685,America/Phoenix
15048,"Sioux City, IA",IA,42.49999,-96.40031,America/Chicago
13211,"Mason City, IA",IA,43.15357,-93.20104,America/Chicago
11315,"Dickinson, ND",ND,46.87918,-102.78962,America/Denver
11097,"Cody, WY",WY,44.52634,-109.05653,America/Denver
12899,"North Platte, NE",NE,41.12389,-100.76542,America/Chicago
14877,"Salina, KS",KS,38.84028,-97.61142,America/Chicago
13282,"Morgantown, WV",WV,39.62953,-79.9559,America/New_York
11468,"Kearney, NE",NE,40.69946,-99.08148,America/Chicago
10558,"Scottsbluff, NE",NE,41.86663,-103.66717,America/Denver
11283,"Dodge City, KS",KS,37.7528,-100.01708,America/Chicago
13029,"Lincoln, NE",NE,40.8,-96.66696,America/Chicago
10617,"Bishop, CA",CA,37.36354,-118.39511,America/Los_Angeles
12177,"Hobbs, NM",NM,32.70261,-103.13604,America/Denver
14674,"Santa Fe, NM",NM,35.68698,-105.9378,America/Denver
15411,"Tyler, TX",TX,32.35126,-95.30106,America/Chicago
10155,"Waco, TX",TX,31.54933,-97.14667,America/Chicago
10185,"Alexandria, LA",LA,31.31129,-92.44514,America/Chicago
14588,"Roswell, NM",NM,33.39437,-104.52491,America/Denver
11905,"Longview, TX",TX,32.5007,-94.74049,America/Chicago
12016,"Guam, TT",TT,13.47861,144.81834,Pacific/Guam
14955,"Saipan, TT",TT,15.21233,145.7545,Pacific/Saipan
13970,"Kotzebue, AK",AK,66.89846,-162.59808,America/Nome
13873,"Nome, AK",AK,64.50111,-165.40639,America/Nome
10551,"Bethel, AK",AK,60.79222,-161.75583,America/Anchorage
10754,"Barrow, AK",AK,54.11094,-3.22758,Europe/London
14709,"Deadhorse, AK",AK,62.61472,-150.01193,America/Anchorage
10926,"Cordova, AK",AK,60.5432,-145.75867,America/Anchorage
15991,"Yakutat, AK",AK,59.54694,-139.72722,America/Yakutat
14256,"Petersburg, AK",AK,56.8125,-132.95557,America/Sitka
15841,"Wrangell, AK",AK,56.47083,-132.37666,America/Sitka
10170,"Kodiak, AK",AK,57.78852,-152.40533,America/Anchorage
11898,"Grand Forks, ND",ND,47.92526,-97.03285,America/Chicago
12223,"Ashland, WV",WV,40.86867,-82.31822,America/New_York
15008,"St. Cloud, MN",MN,45.54639,-94.05972,America/Chicago
12119,"Hagerstown, MD",MD,39.64176,-77.71999,America/New_York
14905,"Santa Maria, CA",CA,34.95303,-120.43572,America/Los_Angeles
14222,"Pago Pago, TT",TT,-14.27806,-170.7025,Pacific/Pago_Pago
14711,"State College, PA",PA,40.79339,-77.86,America/New_York
